product,strategy_name,profit_factor,sharpe_ratio
SQUID_INK,sma16x27xmom28x0.0045,3.1724137931034484,1.204432602820449
SQUID_INK,sma15x27xmom28x0.0045,3.1724137931034484,1.204432602820449
SQUID_INK,sma17x27xmom28x0.0045,3.1724137931034484,1.204432602820449
SQUID_INK,sma18x27xmom28x0.0045,3.1724137931034484,1.204432602820449
SQUID_INK,sma14x27xmom28x0.0045,3.1724137931034484,1.204432602820449
SQUID_INK,sma18x27xmom28x0.005,2.5588235294117645,1.0068788042579673
SQUID_INK,sma16x27xmom28x0.005,2.5588235294117645,1.0068788042579673
SQUID_INK,sma17x27xmom28x0.005,2.5588235294117645,1.0068788042579673
SQUID_INK,sma15x27xmom28x0.005,2.5588235294117645,1.0068788042579673
SQUID_INK,sma14x27xmom28x0.005,2.5588235294117645,1.0068788042579673
SQUID_INK,sma16x27xmom28x0.0035,2.1296296296296298,1.0314074853651216
SQUID_INK,sma15x27xmom28x0.0035,2.1296296296296298,1.0314074853651216
SQUID_INK,sma17x27xmom28x0.0035,2.1296296296296298,1.0314074853651216
SQUID_INK,sma17x33xmom33x0.005,1.94,0.7670211597372348
SQUID_INK,sma17x29xmom33x0.005,1.94,0.7670211597372348
SQUID_INK,sma17x31xmom33x0.005,1.94,0.7670211597372348
SQUID_INK,sma18x27xmom33x0.005,1.94,0.7670211597372348
SQUID_INK,sma18x29xmom33x0.005,1.94,0.7670211597372348
SQUID_INK,sma14x27xmom33x0.005,1.94,0.7670211597372348
SQUID_INK,sma18x31xmom33x0.005,1.94,0.7670211597372348
SQUID_INK,sma16x33xmom33x0.005,1.94,0.7670211597372348
SQUID_INK,sma14x33xmom33x0.005,1.94,0.7670211597372348
SQUID_INK,sma15x29xmom33x0.005,1.94,0.7670211597372348
SQUID_INK,sma15x33xmom33x0.005,1.94,0.7670211597372348
SQUID_INK,sma16x27xmom33x0.005,1.94,0.7670211597372348
SQUID_INK,sma18x33xmom33x0.005,1.94,0.7670211597372348
SQUID_INK,sma15x27xmom33x0.005,1.94,0.7670211597372348
SQUID_INK,sma15x31xmom33x0.005,1.94,0.7670211597372348
SQUID_INK,sma14x29xmom33x0.005,1.94,0.7670211597372348
SQUID_INK,sma16x29xmom33x0.005,1.94,0.7670211597372348
SQUID_INK,sma16x31xmom33x0.005,1.94,0.7670211597372348
SQUID_INK,sma14x31xmom33x0.005,1.94,0.7670211597372348
SQUID_INK,sma17x27xmom33x0.005,1.94,0.7670211597372348
SQUID_INK,sma15x29xmom32x0.0035,1.921875,0.960737077831663
SQUID_INK,sma16x29xmom32x0.0035,1.921875,0.960737077831663
SQUID_INK,sma18x29xmom31x0.005,1.8823529411764706,0.7252642155445856
SQUID_INK,sma17x29xmom31x0.005,1.8823529411764706,0.7252642155445856
SQUID_INK,sma17x31xmom31x0.005,1.8823529411764706,0.7252642155445856
SQUID_INK,sma17x27xmom31x0.005,1.8823529411764706,0.7252642155445856
SQUID_INK,sma14x31xmom31x0.005,1.8823529411764706,0.7252642155445856
SQUID_INK,sma16x31xmom31x0.005,1.8823529411764706,0.7252642155445856
SQUID_INK,sma16x29xmom31x0.005,1.8823529411764706,0.7252642155445856
SQUID_INK,sma15x31xmom31x0.005,1.8823529411764706,0.7252642155445856
SQUID_INK,sma16x27xmom31x0.005,1.8823529411764706,0.7252642155445856
SQUID_INK,sma15x27xmom31x0.005,1.8823529411764706,0.7252642155445856
SQUID_INK,sma15x29xmom31x0.005,1.8823529411764706,0.7252642155445856
SQUID_INK,sma14x27xmom31x0.005,1.8823529411764706,0.7252642155445856
SQUID_INK,sma14x29xmom31x0.005,1.8823529411764706,0.7252642155445856
SQUID_INK,sma18x27xmom31x0.005,1.8823529411764706,0.7252642155445856
SQUID_INK,sma18x31xmom31x0.005,1.8823529411764706,0.7252642155445856
SQUID_INK,sma18x31xmom34x0.0045,1.8166666666666667,0.7440487115290023
SQUID_INK,sma18x33xmom34x0.0045,1.8166666666666667,0.7440487115290023
SQUID_INK,sma17x31xmom34x0.0045,1.8166666666666667,0.7440487115290023
SQUID_INK,sma15x33xmom34x0.0045,1.8166666666666667,0.7440487115290023
SQUID_INK,sma17x33xmom34x0.0045,1.8166666666666667,0.7440487115290023
SQUID_INK,sma16x33xmom34x0.0045,1.8166666666666667,0.7440487115290023
SQUID_INK,sma14x33xmom34x0.0045,1.8166666666666667,0.7440487115290023
SQUID_INK,sma16x35xmom36x0.003,1.7903225806451613,0.8003089391030068
SQUID_INK,sma15x35xmom36x0.003,1.7903225806451613,0.8003089391030068
SQUID_INK,sma17x27xmom28x0.004,1.7704918032786885,0.8085441924577451
SQUID_INK,sma15x27xmom28x0.004,1.7704918032786885,0.8085441924577451
SQUID_INK,sma16x27xmom28x0.004,1.7704918032786885,0.8085441924577451
SQUID_INK,sma17x35xmom36x0.003,1.703125,0.743082991531375
SQUID_INK,sma18x35xmom36x0.003,1.703125,0.743082991531375
SQUID_INK,sma17x33xmom35x0.003,1.6805555555555556,0.7494101224017619
SQUID_INK,sma18x33xmom34x0.0035,1.6714285714285715,0.7318481491458645
SQUID_INK,sma18x31xmom34x0.0035,1.6714285714285715,0.7318481491458645
SQUID_INK,sma16x33xmom34x0.0035,1.6714285714285715,0.7318481491458645
SQUID_INK,sma17x31xmom34x0.0035,1.6714285714285715,0.7318481491458645
SQUID_INK,sma17x33xmom34x0.0035,1.6714285714285715,0.7318481491458645
SQUID_INK,sma14x33xmom34x0.0035,1.6714285714285715,0.7318481491458645
SQUID_INK,sma15x33xmom34x0.0035,1.6714285714285715,0.7318481491458645
SQUID_INK,sma15x29xmom30x0.005,1.6603773584905661,0.5821621017251284
SQUID_INK,sma15x27xmom30x0.005,1.6603773584905661,0.5821621017251284
SQUID_INK,sma16x29xmom30x0.005,1.6603773584905661,0.5821621017251284
SQUID_INK,sma17x27xmom30x0.005,1.6603773584905661,0.5821621017251284
SQUID_INK,sma18x29xmom30x0.005,1.6603773584905661,0.5821621017251284
SQUID_INK,sma18x27xmom30x0.005,1.6603773584905661,0.5821621017251284
SQUID_INK,sma14x27xmom30x0.005,1.6603773584905661,0.5821621017251284
SQUID_INK,sma16x27xmom30x0.005,1.6603773584905661,0.5821621017251284
SQUID_INK,sma17x29xmom30x0.005,1.6603773584905661,0.5821621017251284
SQUID_INK,sma14x29xmom30x0.005,1.6603773584905661,0.5821621017251284
SQUID_INK,sma17x29xmom29x0.0045,1.65,0.692334357426535
SQUID_INK,sma18x29xmom29x0.0045,1.65,0.692334357426535
SQUID_INK,sma18x27xmom29x0.0045,1.65,0.692334357426535
SQUID_INK,sma18x35xmom35x0.003,1.6081081081081081,0.6930873414391888
SQUID_INK,sma18x33xmom35x0.003,1.6081081081081081,0.6930873414391888
SQUID_INK,sma17x35xmom35x0.003,1.6081081081081081,0.6930873414391888
SQUID_INK,sma14x31xmom31x0.0035,1.6056338028169015,0.6726006484870092
SQUID_INK,sma17x27xmom31x0.0035,1.6056338028169015,0.6726006484870092
SQUID_INK,sma14x27xmom31x0.0035,1.6056338028169015,0.6726006484870092
SQUID_INK,sma16x31xmom31x0.0035,1.6056338028169015,0.6726006484870092
SQUID_INK,sma16x29xmom31x0.0035,1.6056338028169015,0.6726006484870092
SQUID_INK,sma17x29xmom31x0.0035,1.6056338028169015,0.6726006484870092
SQUID_INK,sma14x29xmom31x0.0035,1.6056338028169015,0.6726006484870092
SQUID_INK,sma16x27xmom31x0.0035,1.6056338028169015,0.6726006484870092
SQUID_INK,sma15x29xmom31x0.0035,1.6056338028169015,0.6726006484870092
SQUID_INK,sma15x31xmom31x0.0035,1.6056338028169015,0.6726006484870092
SQUID_INK,sma15x27xmom31x0.0035,1.6056338028169015,0.6726006484870092
SQUID_INK,sma18x29xmom30x0.004,1.6029411764705883,0.6865832234438343
SQUID_INK,sma17x27xmom33x0.0035,1.5584415584415585,0.6063157553196056
SQUID_INK,sma15x27xmom33x0.0035,1.5584415584415585,0.6063157553196056
SQUID_INK,sma16x27xmom33x0.0035,1.5584415584415585,0.6063157553196056
SQUID_INK,sma15x29xmom33x0.0035,1.5584415584415585,0.6063157553196056
SQUID_INK,sma14x27xmom33x0.0035,1.5584415584415585,0.6063157553196056
SQUID_INK,sma18x27xmom33x0.0035,1.5584415584415585,0.6063157553196056
SQUID_INK,sma14x29xmom33x0.0035,1.5584415584415585,0.6063157553196056
SQUID_INK,sma17x29xmom33x0.0035,1.5584415584415585,0.6063157553196056
SQUID_INK,sma16x29xmom33x0.0035,1.5584415584415585,0.6063157553196056
SQUID_INK,sma14x27xmom29x0.0045,1.55,0.5986951778684177
SQUID_INK,sma15x27xmom29x0.0045,1.55,0.5986951778684177
SQUID_INK,sma15x29xmom29x0.0045,1.55,0.5986951778684177
SQUID_INK,sma14x29xmom29x0.0045,1.55,0.5986951778684177
SQUID_INK,sma16x27xmom29x0.0045,1.55,0.5986951778684177
SQUID_INK,sma17x27xmom29x0.0045,1.55,0.5986951778684177
SQUID_INK,sma16x29xmom29x0.0045,1.55,0.5986951778684177
SQUID_INK,sma16x29xmom32x0.003,1.5212765957446808,0.6144782933262061
SQUID_INK,sma15x29xmom32x0.003,1.5212765957446808,0.6144782933262061
SQUID_INK,sma15x27xmom28x0.003,1.5,0.6140349220458834
SQUID_INK,sma16x27xmom28x0.003,1.5,0.6140349220458834
SQUID_INK,sma17x27xmom28x0.003,1.5,0.6140349220458834
SQUID_INK,sma16x27xmom32x0.0025,1.4777777777777779,0.5314662814834855
SQUID_INK,sma15x27xmom32x0.0025,1.4777777777777779,0.5314662814834855
SQUID_INK,sma18x31xmom35x0.005,1.4736842105263157,0.44126130406091413
SQUID_INK,sma18x27xmom35x0.005,1.4736842105263157,0.44126130406091413
SQUID_INK,sma18x29xmom35x0.005,1.4736842105263157,0.44126130406091413
SQUID_INK,sma14x27xmom35x0.005,1.4736842105263157,0.44126130406091413
SQUID_INK,sma17x35xmom35x0.005,1.4736842105263157,0.44126130406091413
SQUID_INK,sma14x29xmom35x0.005,1.4736842105263157,0.44126130406091413
SQUID_INK,sma17x33xmom35x0.005,1.4736842105263157,0.44126130406091413
SQUID_INK,sma17x29xmom35x0.005,1.4736842105263157,0.44126130406091413
SQUID_INK,sma17x27xmom35x0.005,1.4736842105263157,0.44126130406091413
SQUID_INK,sma16x27xmom35x0.005,1.4736842105263157,0.44126130406091413
SQUID_INK,sma16x29xmom35x0.005,1.4736842105263157,0.44126130406091413
SQUID_INK,sma16x31xmom35x0.005,1.4736842105263157,0.44126130406091413
SQUID_INK,sma16x35xmom35x0.005,1.4736842105263157,0.44126130406091413
SQUID_INK,sma16x33xmom35x0.005,1.4736842105263157,0.44126130406091413
SQUID_INK,sma17x31xmom35x0.005,1.4736842105263157,0.44126130406091413
SQUID_INK,sma15x35xmom35x0.005,1.4736842105263157,0.44126130406091413
SQUID_INK,sma15x33xmom35x0.005,1.4736842105263157,0.44126130406091413
SQUID_INK,sma15x29xmom35x0.005,1.4736842105263157,0.44126130406091413
SQUID_INK,sma14x33xmom35x0.005,1.4736842105263157,0.44126130406091413
SQUID_INK,sma14x31xmom35x0.005,1.4736842105263157,0.44126130406091413
SQUID_INK,sma15x31xmom35x0.005,1.4736842105263157,0.44126130406091413
SQUID_INK,sma15x27xmom35x0.005,1.4736842105263157,0.44126130406091413
SQUID_INK,sma18x33xmom35x0.005,1.4736842105263157,0.44126130406091413
SQUID_INK,sma14x35xmom35x0.005,1.4736842105263157,0.44126130406091413
SQUID_INK,sma18x35xmom35x0.005,1.4736842105263157,0.44126130406091413
SQUID_INK,sma14x29xmom30x0.0035,1.4545454545454546,0.5296549359205842
SQUID_INK,sma14x27xmom30x0.0035,1.4545454545454546,0.5296549359205842
SQUID_INK,sma15x29xmom30x0.0035,1.4545454545454546,0.5296549359205842
SQUID_INK,sma16x27xmom30x0.0035,1.4545454545454546,0.5296549359205842
SQUID_INK,sma17x27xmom30x0.0035,1.4545454545454546,0.5296549359205842
SQUID_INK,sma15x27xmom30x0.0035,1.4545454545454546,0.5296549359205842
SQUID_INK,sma18x27xmom30x0.0035,1.4545454545454546,0.5296549359205842
SQUID_INK,sma17x29xmom30x0.0035,1.4545454545454546,0.5296549359205842
SQUID_INK,sma16x29xmom30x0.0035,1.4545454545454546,0.5296549359205842
SQUID_INK,sma16x35xmom36x0.0035,1.452054794520548,0.5198838467043536
SQUID_INK,sma15x35xmom36x0.0035,1.452054794520548,0.5198838467043536
SQUID_INK,sma18x27xmom31x0.0035,1.4342105263157894,0.5115613057699323
SQUID_INK,sma18x29xmom31x0.0035,1.4342105263157894,0.5115613057699323
SQUID_INK,sma15x27xmom33x0.003,1.430232558139535,0.49024570919034677
SQUID_INK,sma15x29xmom33x0.003,1.430232558139535,0.49024570919034677
SQUID_INK,sma16x29xmom33x0.003,1.430232558139535,0.49024570919034677
SQUID_INK,sma17x27xmom33x0.003,1.430232558139535,0.49024570919034677
SQUID_INK,sma16x27xmom33x0.003,1.430232558139535,0.49024570919034677
SQUID_INK,sma17x29xmom29x0.004,1.3875,0.5071415580311308
SQUID_INK,sma18x27xmom29x0.004,1.3875,0.5071415580311308
SQUID_INK,sma18x29xmom29x0.004,1.3875,0.5071415580311308
SQUID_INK,sma17x35xmom36x0.0035,1.3866666666666667,0.4614134904627814
SQUID_INK,sma18x35xmom36x0.0035,1.3866666666666667,0.4614134904627814
SQUID_INK,sma17x27xmom32x0.0025,1.3804347826086956,0.4452448513912772
SQUID_INK,sma15x29xmom32x0.0025,1.3714285714285714,0.465951982384969
SQUID_INK,sma15x33xmom33x0.0035,1.3707865168539326,0.451480264960324
SQUID_INK,sma15x31xmom33x0.0035,1.3707865168539326,0.451480264960324
SQUID_INK,sma16x31xmom33x0.0035,1.3707865168539326,0.451480264960324
SQUID_INK,sma14x31xmom33x0.0035,1.3707865168539326,0.451480264960324
SQUID_INK,sma17x35xmom35x0.0035,1.3289473684210527,0.415427999148919
SQUID_INK,sma15x35xmom35x0.0035,1.3289473684210527,0.415427999148919
SQUID_INK,sma17x33xmom35x0.0035,1.3289473684210527,0.415427999148919
SQUID_INK,sma14x35xmom35x0.0035,1.3289473684210527,0.415427999148919
SQUID_INK,sma16x35xmom35x0.0035,1.3289473684210527,0.415427999148919
SQUID_INK,sma18x33xmom35x0.0035,1.3289473684210527,0.415427999148919
SQUID_INK,sma18x35xmom35x0.0035,1.3289473684210527,0.415427999148919
SQUID_INK,sma16x33xmom33x0.0035,1.3186813186813187,0.3972123596542442
SQUID_INK,sma15x35xmom35x0.003,1.305263157894737,0.4108150345394325
SQUID_INK,sma14x35xmom35x0.003,1.305263157894737,0.4108150345394325
SQUID_INK,sma18x29xmom34x0.0045,1.3026315789473684,0.33064274669243204
SQUID_INK,sma16x29xmom34x0.0045,1.3026315789473684,0.33064274669243204
SQUID_INK,sma15x27xmom34x0.0045,1.3026315789473684,0.33064274669243204
SQUID_INK,sma14x29xmom34x0.0045,1.3026315789473684,0.33064274669243204
SQUID_INK,sma14x27xmom34x0.0045,1.3026315789473684,0.33064274669243204
SQUID_INK,sma16x27xmom34x0.0045,1.3026315789473684,0.33064274669243204
SQUID_INK,sma18x27xmom34x0.0045,1.3026315789473684,0.33064274669243204
SQUID_INK,sma17x27xmom34x0.0045,1.3026315789473684,0.33064274669243204
SQUID_INK,sma16x31xmom34x0.0045,1.3026315789473684,0.33064274669243204
SQUID_INK,sma17x29xmom34x0.0045,1.3026315789473684,0.33064274669243204
SQUID_INK,sma15x29xmom34x0.0045,1.3026315789473684,0.33064274669243204
SQUID_INK,sma15x31xmom34x0.0045,1.3026315789473684,0.33064274669243204
SQUID_INK,sma14x31xmom34x0.0045,1.3026315789473684,0.33064274669243204
SQUID_INK,sma16x29xmom32x0.0025,1.2897196261682242,0.38064398558853335
SQUID_INK,sma17x31xmom31x0.0035,1.2873563218390804,0.37603552349761676
SQUID_INK,sma18x29xmom30x0.0035,1.2808988764044944,0.3658878639809853
SQUID_INK,sma17x33xmom36x0.003,1.2692307692307692,0.33317946887971195
SQUID_INK,sma18x31xmom36x0.003,1.2692307692307692,0.33317946887971195
SQUID_INK,sma14x33xmom36x0.003,1.2692307692307692,0.33317946887971195
SQUID_INK,sma14x31xmom36x0.003,1.2692307692307692,0.33317946887971195
SQUID_INK,sma17x31xmom36x0.003,1.2692307692307692,0.33317946887971195
SQUID_INK,sma15x33xmom36x0.003,1.2692307692307692,0.33317946887971195
SQUID_INK,sma17x29xmom36x0.003,1.2692307692307692,0.33317946887971195
SQUID_INK,sma16x33xmom36x0.003,1.2692307692307692,0.33317946887971195
SQUID_INK,sma16x27xmom36x0.003,1.2692307692307692,0.33317946887971195
SQUID_INK,sma15x29xmom36x0.003,1.2692307692307692,0.33317946887971195
SQUID_INK,sma17x27xmom36x0.003,1.2692307692307692,0.33317946887971195
SQUID_INK,sma14x29xmom36x0.003,1.2692307692307692,0.33317946887971195
SQUID_INK,sma16x29xmom36x0.003,1.2692307692307692,0.33317946887971195
SQUID_INK,sma15x27xmom36x0.003,1.2692307692307692,0.33317946887971195
SQUID_INK,sma18x27xmom36x0.003,1.2692307692307692,0.33317946887971195
SQUID_INK,sma15x31xmom36x0.003,1.2692307692307692,0.33317946887971195
SQUID_INK,sma14x35xmom36x0.003,1.2692307692307692,0.33317946887971195
SQUID_INK,sma14x27xmom36x0.003,1.2692307692307692,0.33317946887971195
SQUID_INK,sma18x29xmom36x0.003,1.2692307692307692,0.33317946887971195
SQUID_INK,sma16x31xmom36x0.003,1.2692307692307692,0.33317946887971195
SQUID_INK,sma16x35xmom35x0.003,1.2577319587628866,0.35466982434557726
SQUID_INK,sma16x27xmom31x0.0025,1.2477064220183487,0.3542454497872606
SQUID_INK,sma17x27xmom31x0.0025,1.2477064220183487,0.3542454497872606
SQUID_INK,sma18x29xmom35x0.003,1.2413793103448276,0.31292784634106063
SQUID_INK,sma17x29xmom35x0.003,1.2413793103448276,0.31292784634106063
SQUID_INK,sma16x31xmom35x0.003,1.2413793103448276,0.31292784634106063
SQUID_INK,sma18x27xmom35x0.003,1.2413793103448276,0.31292784634106063
SQUID_INK,sma15x27xmom29x0.004,1.2375,0.32601515689631644
SQUID_INK,sma15x29xmom29x0.004,1.2375,0.32601515689631644
SQUID_INK,sma16x29xmom29x0.004,1.2375,0.32601515689631644
SQUID_INK,sma14x27xmom29x0.004,1.2375,0.32601515689631644
SQUID_INK,sma16x27xmom29x0.004,1.2375,0.32601515689631644
SQUID_INK,sma17x27xmom29x0.004,1.2375,0.32601515689631644
SQUID_INK,sma14x29xmom29x0.004,1.2375,0.32601515689631644
SQUID_INK,sma15x29xmom34x0.0035,1.2183908045977012,0.2874392109116017
SQUID_INK,sma14x29xmom34x0.0035,1.2183908045977012,0.2874392109116017
SQUID_INK,sma16x27xmom34x0.0035,1.2183908045977012,0.2874392109116017
SQUID_INK,sma16x31xmom34x0.0035,1.2183908045977012,0.2874392109116017
SQUID_INK,sma18x27xmom34x0.0035,1.2183908045977012,0.2874392109116017
SQUID_INK,sma15x27xmom34x0.0035,1.2183908045977012,0.2874392109116017
SQUID_INK,sma18x29xmom34x0.0035,1.2183908045977012,0.2874392109116017
SQUID_INK,sma15x31xmom34x0.0035,1.2183908045977012,0.2874392109116017
SQUID_INK,sma14x27xmom34x0.0035,1.2183908045977012,0.2874392109116017
SQUID_INK,sma14x31xmom34x0.0035,1.2183908045977012,0.2874392109116017
SQUID_INK,sma17x29xmom34x0.0035,1.2183908045977012,0.2874392109116017
SQUID_INK,sma17x27xmom34x0.0035,1.2183908045977012,0.2874392109116017
SQUID_INK,sma16x29xmom34x0.0035,1.2183908045977012,0.2874392109116017
SQUID_INK,sma18x33xmom36x0.003,1.2125,0.27317683099964335
SQUID_INK,sma14x27xmom32x0.004,1.2023809523809523,0.2705408500132575
SQUID_INK,sma16x31xmom32x0.004,1.2023809523809523,0.2705408500132575
SQUID_INK,sma15x31xmom32x0.004,1.2023809523809523,0.2705408500132575
SQUID_INK,sma16x29xmom32x0.004,1.2023809523809523,0.2705408500132575
SQUID_INK,sma14x29xmom32x0.004,1.2023809523809523,0.2705408500132575
SQUID_INK,sma14x31xmom32x0.004,1.2023809523809523,0.2705408500132575
SQUID_INK,sma18x27xmom32x0.004,1.2023809523809523,0.2705408500132575
SQUID_INK,sma15x29xmom32x0.004,1.2023809523809523,0.2705408500132575
SQUID_INK,sma18x29xmom32x0.004,1.2023809523809523,0.2705408500132575
SQUID_INK,sma17x29xmom32x0.004,1.2023809523809523,0.2705408500132575
SQUID_INK,sma16x27xmom32x0.0035,1.2023809523809523,0.2690684154632575
SQUID_INK,sma17x27xmom32x0.004,1.2023809523809523,0.2705408500132575
SQUID_INK,sma15x27xmom32x0.0035,1.2023809523809523,0.2690684154632575
SQUID_INK,sma15x27xmom32x0.004,1.2023809523809523,0.2705408500132575
SQUID_INK,sma17x27xmom32x0.0035,1.2023809523809523,0.2690684154632575
SQUID_INK,sma16x27xmom32x0.004,1.2023809523809523,0.2705408500132575
SQUID_INK,sma17x31xmom35x0.003,1.1910112359550562,0.2538208852680444
SQUID_INK,sma18x31xmom35x0.003,1.1910112359550562,0.2538208852680444
SQUID_INK,sma16x33xmom35x0.003,1.1910112359550562,0.2538208852680444
SQUID_INK,sma18x27xmom28x0.0035,1.1826923076923077,0.2642568968244252
SQUID_INK,sma14x27xmom31x0.003,1.1826923076923077,0.25126158807046733
SQUID_INK,sma14x31xmom35x0.003,1.1666666666666667,0.22518867455552247
SQUID_INK,sma16x27xmom35x0.003,1.1666666666666667,0.22518867455552247
SQUID_INK,sma15x31xmom35x0.003,1.1666666666666667,0.22518867455552247
SQUID_INK,sma17x27xmom35x0.003,1.1666666666666667,0.22518867455552247
SQUID_INK,sma16x29xmom35x0.003,1.1666666666666667,0.22518867455552247
SQUID_INK,sma15x27xmom35x0.003,1.1666666666666667,0.22518867455552247
SQUID_INK,sma14x27xmom35x0.003,1.1666666666666667,0.22518867455552247
SQUID_INK,sma14x29xmom35x0.003,1.1666666666666667,0.22518867455552247
SQUID_INK,sma15x29xmom35x0.003,1.1666666666666667,0.22518867455552247
SQUID_INK,sma18x31xmom31x0.0035,1.1630434782608696,0.2246252685978311
SQUID_INK,sma15x35xmom36x0.004,1.1585365853658536,0.19674775073518586
SQUID_INK,sma16x35xmom36x0.004,1.1585365853658536,0.19674775073518586
SQUID_INK,sma15x33xmom34x0.003,1.1574074074074074,0.22375062836630863
SQUID_INK,sma15x27xmom31x0.003,1.1517857142857142,0.21987942273061475
SQUID_INK,sma14x31xmom31x0.003,1.1517857142857142,0.21987942273061475
SQUID_INK,sma17x29xmom31x0.003,1.1517857142857142,0.21987942273061475
SQUID_INK,sma14x29xmom31x0.003,1.1517857142857142,0.21987942273061475
SQUID_INK,sma16x31xmom31x0.003,1.1517857142857142,0.21987942273061475
SQUID_INK,sma16x29xmom31x0.003,1.1517857142857142,0.21987942273061475
SQUID_INK,sma15x31xmom31x0.003,1.1517857142857142,0.21987942273061475
SQUID_INK,sma17x27xmom31x0.003,1.1517857142857142,0.21987942273061475
SQUID_INK,sma16x27xmom31x0.003,1.1517857142857142,0.21987942273061475
SQUID_INK,sma15x29xmom31x0.003,1.1517857142857142,0.21987942273061475
SQUID_INK,sma18x31xmom32x0.004,1.1511627906976745,0.2075334358643362
SQUID_INK,sma17x31xmom32x0.004,1.1511627906976745,0.2075334358643362
SQUID_INK,sma16x35xmom36x0.0025,1.1363636363636365,0.1965725340354701
SQUID_INK,sma14x27xmom32x0.0045,1.1341463414634145,0.16920674157700313
SQUID_INK,sma18x29xmom32x0.0045,1.1341463414634145,0.16920674157700313
SQUID_INK,sma16x31xmom32x0.0045,1.1341463414634145,0.16920674157700313
SQUID_INK,sma15x27xmom32x0.0045,1.1341463414634145,0.16920674157700313
SQUID_INK,sma17x27xmom32x0.0045,1.1341463414634145,0.16920674157700313
SQUID_INK,sma15x31xmom32x0.0045,1.1341463414634145,0.16920674157700313
SQUID_INK,sma18x27xmom32x0.0045,1.1341463414634145,0.16920674157700313
SQUID_INK,sma16x29xmom32x0.0045,1.1341463414634145,0.16920674157700313
SQUID_INK,sma15x29xmom32x0.0045,1.1341463414634145,0.16920674157700313
SQUID_INK,sma17x29xmom32x0.0045,1.1341463414634145,0.16920674157700313
SQUID_INK,sma14x29xmom32x0.0045,1.1341463414634145,0.16920674157700313
SQUID_INK,sma14x31xmom32x0.0045,1.1341463414634145,0.16920674157700313
SQUID_INK,sma16x27xmom32x0.0045,1.1341463414634145,0.16920674157700313
SQUID_INK,sma17x31xmom32x0.0045,1.1341463414634145,0.16920674157700313
SQUID_INK,sma18x31xmom32x0.0045,1.1341463414634145,0.16920674157700313
SQUID_INK,sma18x29xmom33x0.0035,1.1313131313131313,0.1878962527317061
SQUID_INK,sma16x33xmom34x0.003,1.1181818181818182,0.1715497736577695
SQUID_INK,sma17x31xmom34x0.003,1.1181818181818182,0.1715497736577695
SQUID_INK,sma17x33xmom34x0.003,1.1181818181818182,0.1715497736577695
SQUID_INK,sma18x31xmom34x0.003,1.1181818181818182,0.1715497736577695
SQUID_INK,sma17x31xmom31x0.003,1.1140350877192982,0.1688792417419011
SQUID_INK,sma14x27xmom30x0.004,1.1058823529411765,0.14728392614576297
SQUID_INK,sma17x27xmom30x0.004,1.1058823529411765,0.14728392614576297
SQUID_INK,sma16x27xmom30x0.004,1.1058823529411765,0.14728392614576297
SQUID_INK,sma18x27xmom30x0.004,1.1058823529411765,0.14728392614576297
SQUID_INK,sma15x27xmom30x0.004,1.1058823529411765,0.14728392614576297
SQUID_INK,sma15x29xmom30x0.004,1.1058823529411765,0.14728392614576297
SQUID_INK,sma16x29xmom30x0.004,1.1058823529411765,0.14728392614576297
SQUID_INK,sma17x29xmom30x0.004,1.1058823529411765,0.14728392614576297
SQUID_INK,sma14x29xmom30x0.004,1.1058823529411765,0.14728392614576297
SQUID_INK,sma14x27xmom28x0.0035,1.1057692307692308,0.1566708152200906
SQUID_INK,sma16x27xmom32x0.003,1.1,0.1375046040258731
SQUID_INK,sma15x27xmom32x0.003,1.1,0.1375046040258731
SQUID_INK,sma17x27xmom32x0.003,1.1,0.1375046040258731
SQUID_INK,sma17x31xmom34x0.004,1.0909090909090908,0.13453831669534844
SQUID_INK,sma15x33xmom34x0.004,1.0909090909090908,0.13453831669534844
SQUID_INK,sma14x33xmom34x0.004,1.0909090909090908,0.13453831669534844
SQUID_INK,sma17x33xmom34x0.004,1.0909090909090908,0.13453831669534844
SQUID_INK,sma16x33xmom34x0.004,1.0909090909090908,0.13453831669534844
SQUID_INK,sma18x31xmom34x0.004,1.0909090909090908,0.13453831669534844
SQUID_INK,sma18x33xmom34x0.004,1.0909090909090908,0.13453831669534844
SQUID_INK,sma17x31xmom33x0.0035,1.0891089108910892,0.1304054391104033
SQUID_INK,sma18x31xmom33x0.0035,1.0891089108910892,0.1304054391104033
SQUID_INK,sma17x33xmom33x0.0035,1.0891089108910892,0.1304054391104033
SQUID_INK,sma18x33xmom34x0.003,1.0803571428571428,0.11968580969476687
SQUID_INK,sma15x31xmom32x0.0035,1.0789473684210527,0.12434382748876188
SQUID_INK,sma18x29xmom32x0.0035,1.0789473684210527,0.12434382748876188
SQUID_INK,sma14x31xmom32x0.0035,1.0789473684210527,0.12434382748876188
SQUID_INK,sma17x29xmom32x0.0035,1.0789473684210527,0.12434382748876188
SQUID_INK,sma16x31xmom32x0.0035,1.0789473684210527,0.12434382748876188
SQUID_INK,sma17x27xmom29x0.005,1.0657894736842106,0.08600261451922268
SQUID_INK,sma14x27xmom29x0.005,1.0657894736842106,0.08600261451922268
SQUID_INK,sma18x29xmom29x0.005,1.0657894736842106,0.08600261451922268
SQUID_INK,sma17x29xmom29x0.005,1.0657894736842106,0.08600261451922268
SQUID_INK,sma16x29xmom29x0.005,1.0657894736842106,0.08600261451922268
SQUID_INK,sma18x27xmom29x0.005,1.0657894736842106,0.08600261451922268
SQUID_INK,sma16x27xmom29x0.005,1.0657894736842106,0.08600261451922268
SQUID_INK,sma15x29xmom29x0.005,1.0657894736842106,0.08600261451922268
SQUID_INK,sma14x29xmom29x0.005,1.0657894736842106,0.08600261451922268
SQUID_INK,sma15x27xmom29x0.005,1.0657894736842106,0.08600261451922268
SQUID_INK,sma18x29xmom31x0.003,1.0598290598290598,0.09034514624694039
SQUID_INK,sma18x27xmom31x0.003,1.0598290598290598,0.09034514624694039
SQUID_INK,sma15x29xmom30x0.003,1.045045045045045,0.06674264821831828
SQUID_INK,sma14x29xmom30x0.003,1.045045045045045,0.06674264821831828
SQUID_INK,sma18x27xmom28x0.004,1.045045045045045,0.07066022454239947
SQUID_INK,sma14x27xmom30x0.003,1.045045045045045,0.06674264821831828
SQUID_INK,sma15x27xmom30x0.003,1.045045045045045,0.06674264821831828
SQUID_INK,sma17x31xmom32x0.0035,1.043103448275862,0.0692235137228371
SQUID_INK,sma14x33xmom33x0.0035,1.0413223140495869,0.06403878338507524
SQUID_INK,sma18x31xmom31x0.003,1.0252100840336134,0.038904485162185434
SQUID_INK,sma17x35xmom36x0.004,1.0113636363636365,0.01555521628910582
SQUID_INK,sma18x35xmom36x0.004,1.0113636363636365,0.01555521628910582
SQUID_INK,sma14x35xmom36x0.0035,1.010752688172043,0.015323983447838868
SQUID_INK,sma16x31xmom36x0.0035,1.010752688172043,0.015323983447838868
SQUID_INK,sma18x31xmom36x0.0035,1.010752688172043,0.015323983447838868
SQUID_INK,sma15x33xmom36x0.0035,1.010752688172043,0.015323983447838868
SQUID_INK,sma14x33xmom36x0.0035,1.010752688172043,0.015323983447838868
SQUID_INK,sma17x31xmom36x0.0035,1.010752688172043,0.015323983447838868
SQUID_INK,sma14x29xmom36x0.0035,1.010752688172043,0.015323983447838868
SQUID_INK,sma18x27xmom36x0.0035,1.010752688172043,0.015323983447838868
SQUID_INK,sma16x33xmom36x0.0035,1.010752688172043,0.015323983447838868
SQUID_INK,sma15x31xmom36x0.0035,1.010752688172043,0.015323983447838868
SQUID_INK,sma14x31xmom36x0.0035,1.010752688172043,0.015323983447838868
SQUID_INK,sma14x27xmom36x0.0035,1.010752688172043,0.015323983447838868
SQUID_INK,sma18x29xmom36x0.0035,1.010752688172043,0.015323983447838868
SQUID_INK,sma15x27xmom36x0.0035,1.010752688172043,0.015323983447838868
SQUID_INK,sma16x29xmom36x0.0035,1.010752688172043,0.015323983447838868
SQUID_INK,sma15x29xmom36x0.0035,1.010752688172043,0.015323983447838868
SQUID_INK,sma17x29xmom36x0.0035,1.010752688172043,0.015323983447838868
SQUID_INK,sma16x27xmom36x0.0035,1.010752688172043,0.015323983447838868
SQUID_INK,sma17x27xmom36x0.0035,1.010752688172043,0.015323983447838868
SQUID_INK,sma17x33xmom36x0.0035,1.010752688172043,0.015323983447838868
SQUID_INK,sma16x27xmom30x0.0025,1.008,0.013020384049244178
SQUID_INK,sma15x31xmom32x0.003,0.9930555555555556,-0.01140087071774634
SQUID_INK,sma14x31xmom32x0.003,0.9930555555555556,-0.01140087071774634
SQUID_INK,sma17x29xmom32x0.003,0.9930555555555556,-0.01140087071774634
SQUID_INK,sma16x31xmom32x0.003,0.9930555555555556,-0.01140087071774634
SQUID_INK,sma16x27xmom30x0.0045,0.989247311827957,-0.01444821217325313
SQUID_INK,sma14x29xmom30x0.0045,0.989247311827957,-0.01444821217325313
SQUID_INK,sma16x29xmom30x0.0045,0.989247311827957,-0.01444821217325313
SQUID_INK,sma17x27xmom30x0.0045,0.989247311827957,-0.01444821217325313
SQUID_INK,sma15x29xmom30x0.0045,0.989247311827957,-0.01444821217325313
SQUID_INK,sma14x27xmom30x0.0045,0.989247311827957,-0.01444821217325313
SQUID_INK,sma17x29xmom30x0.0045,0.989247311827957,-0.01444821217325313
SQUID_INK,sma18x29xmom30x0.0045,0.989247311827957,-0.01444821217325313
SQUID_INK,sma18x27xmom30x0.0045,0.989247311827957,-0.01444821217325313
SQUID_INK,sma15x27xmom30x0.0045,0.989247311827957,-0.01444821217325313
SQUID_INK,sma14x33xmom35x0.003,0.9732142857142857,-0.04210404131978762
SQUID_INK,sma15x33xmom35x0.003,0.9732142857142857,-0.04210404131978762
SQUID_INK,sma14x27xmom28x0.004,0.972972972972973,-0.04344503181196383
SQUID_INK,sma17x33xmom35x0.004,0.96875,-0.047015822180478756
SQUID_INK,sma17x35xmom35x0.004,0.96875,-0.047015822180478756
SQUID_INK,sma15x35xmom35x0.004,0.96875,-0.047015822180478756
SQUID_INK,sma14x35xmom35x0.004,0.96875,-0.047015822180478756
SQUID_INK,sma16x35xmom35x0.004,0.96875,-0.047015822180478756
SQUID_INK,sma18x33xmom35x0.004,0.96875,-0.047015822180478756
SQUID_INK,sma18x35xmom35x0.004,0.96875,-0.047015822180478756
SQUID_INK,sma18x33xmom36x0.0035,0.968421052631579,-0.04652327812430203
SQUID_INK,sma15x29xmom31x0.0025,0.9645390070921985,-0.06288516170305478
SQUID_INK,sma16x29xmom31x0.0025,0.9645390070921985,-0.06288516170305478
SQUID_INK,sma15x27xmom31x0.0025,0.9645390070921985,-0.06288516170305478
SQUID_INK,sma14x29xmom32x0.0025,0.95,-0.07935164142819989
SQUID_INK,sma14x33xmom34x0.003,0.95,-0.08700604546553277
SQUID_INK,sma14x27xmom32x0.0025,0.95,-0.07935164142819989
SQUID_INK,sma18x29xmom31x0.004,0.9479166666666666,-0.07726981640540864
SQUID_INK,sma16x31xmom31x0.004,0.9479166666666666,-0.07726981640540864
SQUID_INK,sma14x31xmom31x0.004,0.9479166666666666,-0.07726981640540864
SQUID_INK,sma14x27xmom31x0.004,0.9479166666666666,-0.07726981640540864
SQUID_INK,sma17x27xmom31x0.004,0.9479166666666666,-0.07726981640540864
SQUID_INK,sma15x27xmom31x0.004,0.9479166666666666,-0.07726981640540864
SQUID_INK,sma16x29xmom31x0.004,0.9479166666666666,-0.07726981640540864
SQUID_INK,sma15x31xmom31x0.004,0.9479166666666666,-0.07726981640540864
SQUID_INK,sma16x27xmom31x0.004,0.9479166666666666,-0.07726981640540864
SQUID_INK,sma17x29xmom31x0.004,0.9479166666666666,-0.07726981640540864
SQUID_INK,sma18x27xmom31x0.004,0.9479166666666666,-0.07726981640540864
SQUID_INK,sma15x29xmom31x0.004,0.9479166666666666,-0.07726981640540864
SQUID_INK,sma14x29xmom31x0.004,0.9479166666666666,-0.07726981640540864
SQUID_INK,sma17x29xmom30x0.003,0.940677966101695,-0.09271563841867346
SQUID_INK,sma17x27xmom30x0.003,0.940677966101695,-0.09271563841867346
SQUID_INK,sma16x27xmom30x0.003,0.940677966101695,-0.09271563841867346
SQUID_INK,sma16x29xmom30x0.003,0.940677966101695,-0.09271563841867346
SQUID_INK,sma15x35xmom36x0.0025,0.9357142857142857,-0.11125483966806651
SQUID_INK,sma14x31xmom32x0.0025,0.9290322580645162,-0.12145739938715888
SQUID_INK,sma15x27xmom36x0.0025,0.9274193548387096,-0.1169094108189724
SQUID_INK,sma16x29xmom36x0.0025,0.9274193548387096,-0.1169094108189724
SQUID_INK,sma17x29xmom36x0.0025,0.9274193548387096,-0.1169094108189724
SQUID_INK,sma17x27xmom36x0.0025,0.9274193548387096,-0.1169094108189724
SQUID_INK,sma14x31xmom36x0.0025,0.9274193548387096,-0.1169094108189724
SQUID_INK,sma14x27xmom36x0.0025,0.9274193548387096,-0.1169094108189724
SQUID_INK,sma15x33xmom36x0.0025,0.9274193548387096,-0.1169094108189724
SQUID_INK,sma16x27xmom36x0.0025,0.9274193548387096,-0.1169094108189724
SQUID_INK,sma18x29xmom36x0.0025,0.9274193548387096,-0.1169094108189724
SQUID_INK,sma16x31xmom36x0.0025,0.9274193548387096,-0.1169094108189724
SQUID_INK,sma15x29xmom36x0.0025,0.9274193548387096,-0.1169094108189724
SQUID_INK,sma14x29xmom36x0.0025,0.9274193548387096,-0.1169094108189724
SQUID_INK,sma15x31xmom36x0.0025,0.9274193548387096,-0.1169094108189724
SQUID_INK,sma18x27xmom36x0.0025,0.9274193548387096,-0.1169094108189724
SQUID_INK,sma17x27xmom34x0.0025,0.925,-0.120302856968985
SQUID_INK,sma18x31xmom35x0.0035,0.9247311827956989,-0.11501454889140289
SQUID_INK,sma17x29xmom35x0.0035,0.9247311827956989,-0.11501454889140289
SQUID_INK,sma16x33xmom35x0.0035,0.9247311827956989,-0.11501454889140289
SQUID_INK,sma14x33xmom35x0.0035,0.9247311827956989,-0.11501454889140289
SQUID_INK,sma15x33xmom35x0.0035,0.9247311827956989,-0.11501454889140289
SQUID_INK,sma18x29xmom35x0.0035,0.9247311827956989,-0.11501454889140289
SQUID_INK,sma16x31xmom35x0.0035,0.9247311827956989,-0.11501454889140289
SQUID_INK,sma17x31xmom35x0.0035,0.9247311827956989,-0.11501454889140289
SQUID_INK,sma18x27xmom35x0.0035,0.9247311827956989,-0.11501454889140289
SQUID_INK,sma17x27xmom30x0.0025,0.9230769230769231,-0.14014160297685083
SQUID_INK,sma18x27xmom28x0.003,0.9191176470588235,-0.14617527365649516
SQUID_INK,sma14x27xmom31x0.0025,0.9191176470588235,-0.1404854005128502
SQUID_INK,sma14x27xmom28x0.003,0.9140625,-0.15172350119668673
SQUID_INK,sma16x31xmom31x0.0025,0.912751677852349,-0.16062789108614317
SQUID_INK,sma14x29xmom31x0.0025,0.912751677852349,-0.16062789108614317
SQUID_INK,sma14x31xmom31x0.0025,0.912751677852349,-0.16062789108614317
SQUID_INK,sma15x31xmom31x0.0025,0.912751677852349,-0.16062789108614317
SQUID_INK,sma17x29xmom31x0.0025,0.912751677852349,-0.16062789108614317
SQUID_INK,sma17x29xmom34x0.003,0.912,-0.14351741084482522
SQUID_INK,sma16x29xmom34x0.003,0.912,-0.14351741084482522
SQUID_INK,sma16x31xmom34x0.003,0.912,-0.14351741084482522
SQUID_INK,sma14x31xmom34x0.003,0.912,-0.14351741084482522
SQUID_INK,sma18x27xmom34x0.003,0.912,-0.14351741084482522
SQUID_INK,sma15x31xmom34x0.003,0.912,-0.14351741084482522
SQUID_INK,sma15x29xmom34x0.003,0.912,-0.14351741084482522
SQUID_INK,sma17x27xmom34x0.003,0.912,-0.14351741084482522
SQUID_INK,sma14x29xmom34x0.003,0.912,-0.14351741084482522
SQUID_INK,sma16x27xmom34x0.003,0.912,-0.14351741084482522
SQUID_INK,sma15x27xmom34x0.003,0.912,-0.14351741084482522
SQUID_INK,sma18x29xmom34x0.003,0.912,-0.14351741084482522
SQUID_INK,sma14x27xmom34x0.003,0.912,-0.14351741084482522
SQUID_INK,sma17x27xmom33x0.0025,0.9112903225806451,-0.13769017245293347
SQUID_INK,sma16x27xmom33x0.0025,0.9112903225806451,-0.13769017245293347
SQUID_INK,sma16x29xmom33x0.0025,0.9112903225806451,-0.13769017245293347
SQUID_INK,sma18x27xmom30x0.003,0.9098360655737705,-0.14320537488973156
SQUID_INK,sma18x33xmom33x0.0035,0.9090909090909091,-0.15396855513359306
SQUID_INK,sma14x29xmom33x0.003,0.9044117647058824,-0.15585617993141485
SQUID_INK,sma17x29xmom33x0.003,0.9044117647058824,-0.15585617993141485
SQUID_INK,sma18x27xmom33x0.003,0.9044117647058824,-0.15585617993141485
SQUID_INK,sma14x27xmom33x0.003,0.9044117647058824,-0.15585617993141485
SQUID_INK,sma15x29xmom30x0.0025,0.8972602739726028,-0.1912525558180906
SQUID_INK,sma17x33xmom36x0.0025,0.8968253968253969,-0.16944194437210586
SQUID_INK,sma16x33xmom36x0.0025,0.8968253968253969,-0.16944194437210586
SQUID_INK,sma18x31xmom36x0.0025,0.8968253968253969,-0.16944194437210586
SQUID_INK,sma17x31xmom36x0.0025,0.8968253968253969,-0.16944194437210586
SQUID_INK,sma18x27xmom32x0.0025,0.8943661971830986,-0.17481051220048952
SQUID_INK,sma16x29xmom29x0.003,0.8905109489051095,-0.1936027888639582
SQUID_INK,sma16x27xmom29x0.003,0.8905109489051095,-0.1936027888639582
SQUID_INK,sma17x27xmom29x0.003,0.8905109489051095,-0.1936027888639582
SQUID_INK,sma15x29xmom29x0.003,0.8905109489051095,-0.1936027888639582
SQUID_INK,sma15x27xmom29x0.003,0.8905109489051095,-0.1936027888639582
SQUID_INK,sma17x27xmom28x0.0025,0.8897058823529411,-0.19771915105748555
SQUID_INK,sma16x27xmom28x0.0025,0.8897058823529411,-0.19771915105748555
SQUID_INK,sma17x31xmom31x0.0025,0.8874172185430463,-0.21069618473778481
SQUID_INK,sma18x35xmom36x0.0025,0.8819444444444444,-0.21270243734729607
SQUID_INK,sma17x35xmom36x0.0025,0.8819444444444444,-0.21270243734729607
SQUID_INK,sma16x31xmom32x0.0025,0.8789808917197452,-0.21535823656632427
SQUID_INK,sma15x31xmom32x0.0025,0.8789808917197452,-0.21535823656632427
SQUID_INK,sma17x29xmom32x0.0025,0.8789808917197452,-0.21535823656632427
SQUID_INK,sma17x29xmom35x0.0025,0.8760330578512396,-0.20488566093407742
SQUID_INK,sma16x31xmom35x0.0025,0.8760330578512396,-0.20488566093407742
SQUID_INK,sma17x27xmom36x0.004,0.87,-0.19364916731037082
SQUID_INK,sma16x31xmom36x0.004,0.87,-0.19364916731037082
SQUID_INK,sma18x31xmom36x0.004,0.87,-0.19364916731037082
SQUID_INK,sma15x27xmom36x0.004,0.87,-0.19364916731037082
SQUID_INK,sma15x33xmom36x0.004,0.87,-0.19364916731037082
SQUID_INK,sma18x27xmom36x0.004,0.87,-0.19364916731037082
SQUID_INK,sma17x31xmom36x0.004,0.87,-0.19364916731037082
SQUID_INK,sma17x29xmom36x0.004,0.87,-0.19364916731037082
SQUID_INK,sma16x29xmom36x0.004,0.87,-0.19364916731037082
SQUID_INK,sma14x29xmom36x0.004,0.87,-0.19364916731037082
SQUID_INK,sma14x27xmom36x0.004,0.87,-0.19364916731037082
SQUID_INK,sma14x35xmom36x0.004,0.87,-0.19364916731037082
SQUID_INK,sma18x29xmom36x0.004,0.87,-0.19364916731037082
SQUID_INK,sma16x27xmom36x0.004,0.87,-0.19364916731037082
SQUID_INK,sma16x33xmom36x0.004,0.87,-0.19364916731037082
SQUID_INK,sma15x31xmom36x0.004,0.87,-0.19364916731037082
SQUID_INK,sma15x29xmom36x0.004,0.87,-0.19364916731037082
SQUID_INK,sma14x31xmom36x0.004,0.87,-0.19364916731037082
SQUID_INK,sma14x33xmom36x0.004,0.87,-0.19364916731037082
SQUID_INK,sma17x33xmom36x0.004,0.87,-0.19364916731037082
SQUID_INK,sma18x33xmom36x0.0025,0.8671875,-0.2238509206230789
SQUID_INK,sma14x27xmom35x0.0035,0.8645833333333334,-0.21598777211534287
SQUID_INK,sma16x27xmom35x0.0035,0.8645833333333334,-0.21598777211534287
SQUID_INK,sma14x29xmom35x0.0035,0.8645833333333334,-0.21598777211534287
SQUID_INK,sma16x29xmom35x0.0035,0.8645833333333334,-0.21598777211534287
SQUID_INK,sma14x31xmom35x0.0035,0.8645833333333334,-0.21598777211534287
SQUID_INK,sma15x31xmom35x0.0035,0.8645833333333334,-0.21598777211534287
SQUID_INK,sma15x29xmom35x0.0035,0.8645833333333334,-0.21598777211534287
SQUID_INK,sma15x27xmom35x0.0035,0.8645833333333334,-0.21598777211534287
SQUID_INK,sma17x27xmom35x0.0035,0.8645833333333334,-0.21598777211534287
SQUID_INK,sma18x29xmom32x0.003,0.8636363636363636,-0.25201713774807016
SQUID_INK,sma17x31xmom31x0.0045,0.8636363636363636,-0.21937390656090947
SQUID_INK,sma18x31xmom31x0.0045,0.8636363636363636,-0.21937390656090947
SQUID_INK,sma14x29xmom30x0.0025,0.8506493506493507,-0.2885328314160793
SQUID_INK,sma18x27xmom35x0.0025,0.848,-0.2549092003557178
SQUID_INK,sma16x27xmom34x0.0025,0.848,-0.25520335827395707
SQUID_INK,sma18x29xmom35x0.0025,0.848,-0.2549092003557178
SQUID_INK,sma18x31xmom32x0.0035,0.8466666666666667,-0.2994630471193863
SQUID_INK,sma15x31xmom33x0.003,0.8445945945945946,-0.27150493074021315
SQUID_INK,sma14x31xmom33x0.003,0.8445945945945946,-0.27150493074021315
SQUID_INK,sma16x31xmom33x0.003,0.8445945945945946,-0.27150493074021315
SQUID_INK,sma15x33xmom33x0.003,0.8445945945945946,-0.27150493074021315
SQUID_INK,sma18x29xmom30x0.003,0.8432835820895522,-0.26824058283377156
SQUID_INK,sma17x31xmom32x0.003,0.8397435897435898,-0.3008229740876544
SQUID_INK,sma14x27xmom34x0.004,0.8362068965517241,-0.2746613203615654
SQUID_INK,sma17x29xmom34x0.004,0.8362068965517241,-0.2746613203615654
SQUID_INK,sma14x31xmom34x0.004,0.8362068965517241,-0.2746613203615654
SQUID_INK,sma16x31xmom34x0.004,0.8362068965517241,-0.2746613203615654
SQUID_INK,sma16x27xmom34x0.004,0.8362068965517241,-0.2746613203615654
SQUID_INK,sma18x27xmom34x0.004,0.8362068965517241,-0.2746613203615654
SQUID_INK,sma17x27xmom34x0.004,0.8362068965517241,-0.2746613203615654
SQUID_INK,sma16x29xmom34x0.004,0.8362068965517241,-0.2746613203615654
SQUID_INK,sma14x29xmom34x0.004,0.8362068965517241,-0.2746613203615654
SQUID_INK,sma15x29xmom34x0.004,0.8362068965517241,-0.2746613203615654
SQUID_INK,sma15x31xmom34x0.004,0.8362068965517241,-0.2746613203615654
SQUID_INK,sma18x29xmom34x0.004,0.8362068965517241,-0.2746613203615654
SQUID_INK,sma15x27xmom34x0.004,0.8362068965517241,-0.2746613203615654
SQUID_INK,sma15x27xmom35x0.0025,0.8306451612903226,-0.2894877012187241
SQUID_INK,sma17x27xmom35x0.0025,0.8306451612903226,-0.2894877012187241
SQUID_INK,sma15x29xmom35x0.0025,0.8306451612903226,-0.2894877012187241
SQUID_INK,sma15x31xmom35x0.0025,0.8306451612903226,-0.2894877012187241
SQUID_INK,sma16x27xmom35x0.0025,0.8306451612903226,-0.2894877012187241
SQUID_INK,sma16x29xmom35x0.0025,0.8306451612903226,-0.2894877012187241
SQUID_INK,sma14x31xmom35x0.0025,0.8306451612903226,-0.2894877012187241
SQUID_INK,sma14x27xmom35x0.0025,0.8306451612903226,-0.2894877012187241
SQUID_INK,sma14x29xmom35x0.0025,0.8306451612903226,-0.2894877012187241
SQUID_INK,sma18x29xmom31x0.0025,0.8291139240506329,-0.32791711825412917
SQUID_INK,sma18x27xmom31x0.0025,0.8291139240506329,-0.32791711825412917
SQUID_INK,sma17x31xmom31x0.004,0.8272727272727273,-0.29336601651254424
SQUID_INK,sma18x31xmom31x0.004,0.8272727272727273,-0.29336601651254424
SQUID_INK,sma16x33xmom33x0.003,0.82,-0.31974171029713105
SQUID_INK,sma15x27xmom33x0.004,0.8125,-0.3218792464043445
SQUID_INK,sma17x29xmom33x0.004,0.8125,-0.3218792464043445
SQUID_INK,sma14x29xmom33x0.004,0.8125,-0.3218792464043445
SQUID_INK,sma15x29xmom33x0.004,0.8125,-0.3218792464043445
SQUID_INK,sma16x29xmom33x0.004,0.8125,-0.3218792464043445
SQUID_INK,sma16x27xmom33x0.004,0.8125,-0.3218792464043445
SQUID_INK,sma18x27xmom33x0.004,0.8125,-0.3218792464043445
SQUID_INK,sma14x27xmom33x0.004,0.8125,-0.3218792464043445
SQUID_INK,sma17x27xmom33x0.004,0.8125,-0.3218792464043445
SQUID_INK,sma17x27xmom36x0.005,0.8018867924528302,-0.2895794302685939
SQUID_INK,sma18x33xmom36x0.005,0.8018867924528302,-0.2895794302685939
SQUID_INK,sma15x35xmom36x0.005,0.8018867924528302,-0.2895794302685939
SQUID_INK,sma14x35xmom36x0.005,0.8018867924528302,-0.2895794302685939
SQUID_INK,sma18x27xmom36x0.005,0.8018867924528302,-0.2895794302685939
SQUID_INK,sma16x31xmom36x0.005,0.8018867924528302,-0.2895794302685939
SQUID_INK,sma15x27xmom36x0.005,0.8018867924528302,-0.2895794302685939
SQUID_INK,sma18x35xmom36x0.005,0.8018867924528302,-0.2895794302685939
SQUID_INK,sma15x33xmom36x0.005,0.8018867924528302,-0.2895794302685939
SQUID_INK,sma14x31xmom36x0.005,0.8018867924528302,-0.2895794302685939
SQUID_INK,sma15x31xmom36x0.005,0.8018867924528302,-0.2895794302685939
SQUID_INK,sma14x33xmom36x0.005,0.8018867924528302,-0.2895794302685939
SQUID_INK,sma18x31xmom36x0.005,0.8018867924528302,-0.2895794302685939
SQUID_INK,sma16x35xmom36x0.005,0.8018867924528302,-0.2895794302685939
SQUID_INK,sma18x29xmom36x0.005,0.8018867924528302,-0.2895794302685939
SQUID_INK,sma17x31xmom36x0.005,0.8018867924528302,-0.2895794302685939
SQUID_INK,sma15x29xmom36x0.005,0.8018867924528302,-0.2895794302685939
SQUID_INK,sma17x35xmom36x0.005,0.8018867924528302,-0.2895794302685939
SQUID_INK,sma14x29xmom36x0.005,0.8018867924528302,-0.2895794302685939
SQUID_INK,sma17x33xmom36x0.005,0.8018867924528302,-0.2895794302685939
SQUID_INK,sma16x29xmom36x0.005,0.8018867924528302,-0.2895794302685939
SQUID_INK,sma16x27xmom36x0.005,0.8018867924528302,-0.2895794302685939
SQUID_INK,sma17x29xmom36x0.005,0.8018867924528302,-0.2895794302685939
SQUID_INK,sma16x33xmom36x0.005,0.8018867924528302,-0.2895794302685939
SQUID_INK,sma14x27xmom36x0.005,0.8018867924528302,-0.2895794302685939
SQUID_INK,sma17x29xmom30x0.0025,0.7976878612716763,-0.4218325645044433
SQUID_INK,sma16x27xmom29x0.0025,0.7898089171974523,-0.42058292687134335
SQUID_INK,sma16x29xmom29x0.0025,0.7898089171974523,-0.42058292687134335
SQUID_INK,sma17x27xmom29x0.0025,0.7898089171974523,-0.42058292687134335
SQUID_INK,sma18x29xmom30x0.0025,0.7796610169491526,-0.4650253795607559
SQUID_INK,sma15x27xmom29x0.0035,0.773972602739726,-0.43204210651894387
SQUID_INK,sma15x29xmom29x0.0035,0.773972602739726,-0.43204210651894387
SQUID_INK,sma16x29xmom29x0.0035,0.773972602739726,-0.43204210651894387
SQUID_INK,sma16x27xmom29x0.0035,0.773972602739726,-0.43204210651894387
SQUID_INK,sma17x27xmom29x0.0035,0.773972602739726,-0.43204210651894387
SQUID_INK,sma16x29xmom30x0.0025,0.7719298245614035,-0.4855655651403744
SQUID_INK,sma16x33xmom35x0.0025,0.7676056338028169,-0.4373733558778809
SQUID_INK,sma17x31xmom35x0.0025,0.7676056338028169,-0.4373733558778809
SQUID_INK,sma18x29xmom32x0.0025,0.7664670658682635,-0.4660910713595964
SQUID_INK,sma18x33xmom36x0.004,0.7641509433962265,-0.3847671964960212
SQUID_INK,sma14x35xmom36x0.0025,0.7628205128205128,-0.45795768208443005
SQUID_INK,sma14x33xmom36x0.0025,0.7628205128205128,-0.45795768208443005
SQUID_INK,sma14x27xmom32x0.003,0.75625,-0.4510140032421908
SQUID_INK,sma14x29xmom32x0.003,0.75625,-0.4510140032421908
SQUID_INK,sma18x27xmom32x0.003,0.75625,-0.4510140032421908
SQUID_INK,sma14x29xmom32x0.0035,0.753731343283582,-0.46110540112469334
SQUID_INK,sma18x27xmom32x0.0035,0.753731343283582,-0.46110540112469334
SQUID_INK,sma14x27xmom32x0.0035,0.753731343283582,-0.46110540112469334
SQUID_INK,sma16x27xmom35x0.004,0.75,-0.41955116494564015
SQUID_INK,sma15x31xmom35x0.004,0.75,-0.41955116494564015
SQUID_INK,sma14x29xmom35x0.004,0.75,-0.41955116494564015
SQUID_INK,sma15x27xmom35x0.004,0.75,-0.41955116494564015
SQUID_INK,sma15x29xmom35x0.004,0.75,-0.41955116494564015
SQUID_INK,sma17x27xmom35x0.004,0.75,-0.41955116494564015
SQUID_INK,sma16x31xmom35x0.004,0.75,-0.41955116494564015
SQUID_INK,sma15x33xmom35x0.004,0.75,-0.41955116494564015
SQUID_INK,sma14x27xmom35x0.004,0.75,-0.41955116494564015
SQUID_INK,sma18x31xmom35x0.004,0.75,-0.41955116494564015
SQUID_INK,sma18x29xmom35x0.004,0.75,-0.41955116494564015
SQUID_INK,sma14x33xmom35x0.004,0.75,-0.41955116494564015
SQUID_INK,sma14x31xmom35x0.004,0.75,-0.41955116494564015
SQUID_INK,sma16x33xmom35x0.004,0.75,-0.41955116494564015
SQUID_INK,sma16x29xmom35x0.004,0.75,-0.41955116494564015
SQUID_INK,sma17x29xmom35x0.004,0.75,-0.41955116494564015
SQUID_INK,sma18x27xmom35x0.004,0.75,-0.41955116494564015
SQUID_INK,sma17x31xmom35x0.004,0.75,-0.41955116494564015
SQUID_INK,sma18x29xmom33x0.004,0.7459016393442623,-0.47877212585130713
SQUID_INK,sma14x31xmom33x0.004,0.7459016393442623,-0.47877212585130713
SQUID_INK,sma16x31xmom33x0.004,0.7459016393442623,-0.47877212585130713
SQUID_INK,sma15x31xmom33x0.004,0.7459016393442623,-0.47877212585130713
SQUID_INK,sma14x33xmom33x0.004,0.7459016393442623,-0.47877212585130713
SQUID_INK,sma15x33xmom33x0.004,0.7459016393442623,-0.47877212585130713
SQUID_INK,sma17x31xmom32x0.0025,0.7455621301775148,-0.5155012360884741
SQUID_INK,sma15x27xmom28x0.0025,0.7383720930232558,-0.560856146027525
SQUID_INK,sma18x29xmom33x0.003,0.7278481012658228,-0.5392948534008736
SQUID_INK,sma18x31xmom31x0.0025,0.7213114754098361,-0.6120006994297704
SQUID_INK,sma18x27xmom34x0.005,0.7211538461538461,-0.43716164417807846
SQUID_INK,sma18x29xmom34x0.005,0.7211538461538461,-0.43716164417807846
SQUID_INK,sma16x31xmom34x0.005,0.7211538461538461,-0.43716164417807846
SQUID_INK,sma17x27xmom34x0.005,0.7211538461538461,-0.43716164417807846
SQUID_INK,sma15x27xmom34x0.005,0.7211538461538461,-0.43716164417807846
SQUID_INK,sma14x29xmom34x0.005,0.7211538461538461,-0.43716164417807846
SQUID_INK,sma17x29xmom34x0.005,0.7211538461538461,-0.43716164417807846
SQUID_INK,sma16x27xmom34x0.005,0.7211538461538461,-0.43716164417807846
SQUID_INK,sma14x31xmom34x0.005,0.7211538461538461,-0.43716164417807846
SQUID_INK,sma15x33xmom34x0.005,0.7211538461538461,-0.43716164417807846
SQUID_INK,sma14x33xmom34x0.005,0.7211538461538461,-0.43716164417807846
SQUID_INK,sma18x33xmom34x0.005,0.7211538461538461,-0.43716164417807846
SQUID_INK,sma14x27xmom34x0.005,0.7211538461538461,-0.43716164417807846
SQUID_INK,sma15x31xmom34x0.005,0.7211538461538461,-0.43716164417807846
SQUID_INK,sma17x33xmom34x0.005,0.7211538461538461,-0.43716164417807846
SQUID_INK,sma18x31xmom34x0.005,0.7211538461538461,-0.43716164417807846
SQUID_INK,sma17x31xmom34x0.005,0.7211538461538461,-0.43716164417807846
SQUID_INK,sma16x33xmom34x0.005,0.7211538461538461,-0.43716164417807846
SQUID_INK,sma16x29xmom34x0.005,0.7211538461538461,-0.43716164417807846
SQUID_INK,sma15x29xmom34x0.005,0.7211538461538461,-0.43716164417807846
SQUID_INK,sma18x31xmom32x0.003,0.7210526315789474,-0.6121681594725836
SQUID_INK,sma15x27xmom30x0.0025,0.718562874251497,-0.606168734085196
SQUID_INK,sma18x33xmom33x0.004,0.717741935483871,-0.5428850517487751
SQUID_INK,sma17x31xmom33x0.004,0.717741935483871,-0.5428850517487751
SQUID_INK,sma17x33xmom33x0.004,0.717741935483871,-0.5428850517487751
SQUID_INK,sma18x31xmom33x0.004,0.717741935483871,-0.5428850517487751
SQUID_INK,sma16x33xmom33x0.004,0.717741935483871,-0.5428850517487751
SQUID_INK,sma14x33xmom33x0.003,0.7166666666666667,-0.579539546372822
SQUID_INK,sma17x29xmom33x0.0025,0.711764705882353,-0.5624670307255769
SQUID_INK,sma17x29xmom29x0.003,0.7071823204419889,-0.623146202441107
SQUID_INK,sma17x33xmom33x0.003,0.70625,-0.5920310312921625
SQUID_INK,sma18x31xmom33x0.003,0.70625,-0.5920310312921625
SQUID_INK,sma17x31xmom33x0.003,0.70625,-0.5920310312921625
SQUID_INK,sma14x27xmom28x0.0025,0.7055555555555556,-0.6486215536871784
SQUID_INK,sma15x27xmom29x0.0025,0.7048192771084337,-0.6256583383478783
SQUID_INK,sma17x29xmom29x0.0025,0.6984126984126984,-0.6882424234610844
SQUID_INK,sma18x27xmom33x0.0025,0.6954022988505747,-0.6016492268200555
SQUID_INK,sma17x27xmom32x0.005,0.6864406779661016,-0.48667361863230724
SQUID_INK,sma15x27xmom32x0.005,0.6864406779661016,-0.48667361863230724
SQUID_INK,sma18x29xmom32x0.005,0.6864406779661016,-0.48667361863230724
SQUID_INK,sma15x29xmom32x0.005,0.6864406779661016,-0.48667361863230724
SQUID_INK,sma17x29xmom32x0.005,0.6864406779661016,-0.48667361863230724
SQUID_INK,sma16x31xmom32x0.005,0.6864406779661016,-0.48667361863230724
SQUID_INK,sma16x27xmom32x0.005,0.6864406779661016,-0.48667361863230724
SQUID_INK,sma14x27xmom32x0.005,0.6864406779661016,-0.48667361863230724
SQUID_INK,sma18x31xmom32x0.005,0.6864406779661016,-0.48667361863230724
SQUID_INK,sma17x31xmom32x0.005,0.6864406779661016,-0.48667361863230724
SQUID_INK,sma14x29xmom32x0.005,0.6864406779661016,-0.48667361863230724
SQUID_INK,sma18x27xmom32x0.005,0.6864406779661016,-0.48667361863230724
SQUID_INK,sma14x31xmom32x0.005,0.6864406779661016,-0.48667361863230724
SQUID_INK,sma15x31xmom32x0.005,0.6864406779661016,-0.48667361863230724
SQUID_INK,sma16x29xmom32x0.005,0.6864406779661016,-0.48667361863230724
SQUID_INK,sma14x35xmom35x0.0025,0.6863905325443787,-0.6771044376328356
SQUID_INK,sma15x33xmom35x0.0025,0.6863905325443787,-0.6771044376328356
SQUID_INK,sma15x35xmom35x0.0025,0.6863905325443787,-0.6771044376328356
SQUID_INK,sma14x33xmom35x0.0025,0.6863905325443787,-0.6771044376328356
SQUID_INK,sma14x27xmom30x0.0025,0.6857142857142857,-0.6990136040264852
SQUID_INK,sma18x29xmom34x0.0025,0.6826347305389222,-0.6484302387314813
SQUID_INK,sma17x29xmom34x0.0025,0.6826347305389222,-0.6484302387314813
SQUID_INK,sma18x27xmom34x0.0025,0.6826347305389222,-0.6484302387314813
SQUID_INK,sma15x27xmom33x0.0025,0.6807228915662651,-0.6309076753597396
SQUID_INK,sma15x29xmom33x0.0025,0.6807228915662651,-0.6309076753597396
SQUID_INK,sma18x27xmom29x0.0025,0.676923076923077,-0.7507070846878613
SQUID_INK,sma15x33xmom33x0.0025,0.6758241758241759,-0.669719847888151
SQUID_INK,sma16x31xmom33x0.0025,0.6758241758241759,-0.669719847888151
SQUID_INK,sma14x27xmom29x0.0025,0.6724137931034483,-0.7176799693934606
SQUID_INK,sma14x29xmom29x0.0025,0.6724137931034483,-0.7176799693934606
SQUID_INK,sma16x35xmom36x0.0045,0.6717557251908397,-0.5967523572796777
SQUID_INK,sma15x35xmom36x0.0045,0.6717557251908397,-0.5967523572796777
SQUID_INK,sma18x35xmom36x0.0045,0.6717557251908397,-0.5967523572796777
SQUID_INK,sma17x35xmom36x0.0045,0.6717557251908397,-0.5967523572796777
SQUID_INK,sma15x29xmom29x0.0025,0.6702702702702703,-0.7629514329515614
SQUID_INK,sma18x27xmom30x0.0025,0.6684210526315789,-0.7655772961716575
SQUID_INK,sma18x27xmom29x0.003,0.6612903225806451,-0.7429495541566962
SQUID_INK,sma18x29xmom29x0.003,0.6612903225806451,-0.7429495541566962
SQUID_INK,sma16x27xmom33x0.0045,0.6590909090909091,-0.6288224795664387
SQUID_INK,sma15x29xmom33x0.0045,0.6590909090909091,-0.6288224795664387
SQUID_INK,sma14x29xmom33x0.0045,0.6590909090909091,-0.6288224795664387
SQUID_INK,sma15x31xmom33x0.0045,0.6590909090909091,-0.6288224795664387
SQUID_INK,sma17x29xmom33x0.0045,0.6590909090909091,-0.6288224795664387
SQUID_INK,sma18x27xmom33x0.0045,0.6590909090909091,-0.6288224795664387
SQUID_INK,sma17x27xmom33x0.0045,0.6590909090909091,-0.6288224795664387
SQUID_INK,sma14x31xmom33x0.0045,0.6590909090909091,-0.6288224795664387
SQUID_INK,sma16x31xmom33x0.0045,0.6590909090909091,-0.6288224795664387
SQUID_INK,sma14x33xmom33x0.0045,0.6590909090909091,-0.6288224795664387
SQUID_INK,sma18x29xmom33x0.0045,0.6590909090909091,-0.6288224795664387
SQUID_INK,sma15x33xmom33x0.0045,0.6590909090909091,-0.6288224795664387
SQUID_INK,sma14x27xmom33x0.0045,0.6590909090909091,-0.6288224795664387
SQUID_INK,sma16x29xmom33x0.0045,0.6590909090909091,-0.6288224795664387
SQUID_INK,sma15x27xmom33x0.0045,0.6590909090909091,-0.6288224795664387
SQUID_INK,sma16x33xmom33x0.0025,0.657608695652174,-0.7178755791864802
SQUID_INK,sma14x29xmom34x0.0025,0.6529411764705882,-0.7286797144567678
SQUID_INK,sma14x27xmom34x0.0025,0.6529411764705882,-0.7286797144567678
SQUID_INK,sma14x27xmom29x0.003,0.6524064171122995,-0.7795448786475221
SQUID_INK,sma14x29xmom29x0.003,0.6524064171122995,-0.7795448786475221
SQUID_INK,sma16x35xmom35x0.0025,0.6514285714285715,-0.7720216975008436
SQUID_INK,sma18x29xmom29x0.0025,0.6502463054187192,-0.8415854973000154
SQUID_INK,sma14x27xmom33x0.0025,0.6494252873563219,-0.7147895387306811
SQUID_INK,sma14x29xmom33x0.0025,0.6494252873563219,-0.7147895387306811
SQUID_INK,sma15x31xmom35x0.0045,0.6486486486486487,-0.6317360146994425
SQUID_INK,sma18x33xmom35x0.0045,0.6486486486486487,-0.6317360146994425
SQUID_INK,sma14x29xmom35x0.0045,0.6486486486486487,-0.6317360146994425
SQUID_INK,sma17x33xmom35x0.0045,0.6486486486486487,-0.6317360146994425
SQUID_INK,sma15x35xmom35x0.0045,0.6486486486486487,-0.6317360146994425
SQUID_INK,sma17x35xmom35x0.0045,0.6486486486486487,-0.6317360146994425
SQUID_INK,sma15x33xmom35x0.0045,0.6486486486486487,-0.6317360146994425
SQUID_INK,sma14x31xmom35x0.0045,0.6486486486486487,-0.6317360146994425
SQUID_INK,sma14x35xmom35x0.0045,0.6486486486486487,-0.6317360146994425
SQUID_INK,sma17x29xmom35x0.0045,0.6486486486486487,-0.6317360146994425
SQUID_INK,sma15x27xmom35x0.0045,0.6486486486486487,-0.6317360146994425
SQUID_INK,sma18x27xmom35x0.0045,0.6486486486486487,-0.6317360146994425
SQUID_INK,sma16x29xmom35x0.0045,0.6486486486486487,-0.6317360146994425
SQUID_INK,sma16x33xmom35x0.0045,0.6486486486486487,-0.6317360146994425
SQUID_INK,sma16x31xmom35x0.0045,0.6486486486486487,-0.6317360146994425
SQUID_INK,sma15x29xmom35x0.0045,0.6486486486486487,-0.6317360146994425
SQUID_INK,sma17x27xmom35x0.0045,0.6486486486486487,-0.6317360146994425
SQUID_INK,sma18x35xmom35x0.0045,0.6486486486486487,-0.6317360146994425
SQUID_INK,sma16x35xmom35x0.0045,0.6486486486486487,-0.6317360146994425
SQUID_INK,sma14x33xmom35x0.0045,0.6486486486486487,-0.6317360146994425
SQUID_INK,sma17x31xmom35x0.0045,0.6486486486486487,-0.6317360146994425
SQUID_INK,sma16x27xmom35x0.0045,0.6486486486486487,-0.6317360146994425
SQUID_INK,sma18x29xmom35x0.0045,0.6486486486486487,-0.6317360146994425
SQUID_INK,sma14x27xmom35x0.0045,0.6486486486486487,-0.6317360146994425
SQUID_INK,sma18x31xmom35x0.0045,0.6486486486486487,-0.6317360146994425
SQUID_INK,sma18x31xmom32x0.0025,0.6432160804020101,-0.8328768072011485
SQUID_INK,sma18x29xmom31x0.0045,0.6412213740458015,-0.6673103106241003
SQUID_INK,sma14x27xmom31x0.0045,0.6412213740458015,-0.6673103106241003
SQUID_INK,sma15x27xmom31x0.0045,0.6412213740458015,-0.6673103106241003
SQUID_INK,sma16x27xmom31x0.0045,0.6412213740458015,-0.6673103106241003
SQUID_INK,sma14x31xmom31x0.0045,0.6412213740458015,-0.6673103106241003
SQUID_INK,sma18x27xmom31x0.0045,0.6412213740458015,-0.6673103106241003
SQUID_INK,sma16x29xmom31x0.0045,0.6412213740458015,-0.6673103106241003
SQUID_INK,sma17x27xmom31x0.0045,0.6412213740458015,-0.6673103106241003
SQUID_INK,sma15x31xmom31x0.0045,0.6412213740458015,-0.6673103106241003
SQUID_INK,sma15x29xmom31x0.0045,0.6412213740458015,-0.6673103106241003
SQUID_INK,sma14x29xmom31x0.0045,0.6412213740458015,-0.6673103106241003
SQUID_INK,sma17x29xmom31x0.0045,0.6412213740458015,-0.6673103106241003
SQUID_INK,sma16x31xmom31x0.0045,0.6412213740458015,-0.6673103106241003
SQUID_INK,sma15x27xmom34x0.0025,0.6347305389221557,-0.7721518987341772
SQUID_INK,sma16x29xmom34x0.0025,0.6347305389221557,-0.7721518987341772
SQUID_INK,sma15x29xmom34x0.0025,0.6347305389221557,-0.7721518987341772
SQUID_INK,sma18x31xmom33x0.0045,0.6343283582089553,-0.6882886942126438
SQUID_INK,sma17x33xmom33x0.0045,0.6343283582089553,-0.6882886942126438
SQUID_INK,sma16x33xmom33x0.0045,0.6343283582089553,-0.6882886942126438
SQUID_INK,sma17x31xmom33x0.0045,0.6343283582089553,-0.6882886942126438
SQUID_INK,sma18x33xmom33x0.0045,0.6343283582089553,-0.6882886942126438
SQUID_INK,sma16x31xmom34x0.0025,0.6337209302325582,-0.7761511493706268
SQUID_INK,sma18x31xmom35x0.0025,0.632768361581921,-0.8227293060960192
SQUID_INK,sma17x33xmom35x0.0025,0.632768361581921,-0.8227293060960192
SQUID_INK,sma18x31xmom34x0.0025,0.6243386243386243,-0.8487335689419095
SQUID_INK,sma14x31xmom33x0.0025,0.6182795698924731,-0.8224996635052708
SQUID_INK,sma15x31xmom33x0.0025,0.6182795698924731,-0.8224996635052708
SQUID_INK,sma17x35xmom35x0.0025,0.6145251396648045,-0.8816345082166511
SQUID_INK,sma18x33xmom35x0.0025,0.6145251396648045,-0.8816345082166511
SQUID_INK,sma18x35xmom35x0.0025,0.6145251396648045,-0.8816345082166511
SQUID_INK,sma18x27xmom28x0.0025,0.6086956521739131,-0.9602030230543466
SQUID_INK,sma17x29xmom29x0.0035,0.6071428571428571,-0.9038898057781771
SQUID_INK,sma18x27xmom29x0.0035,0.6071428571428571,-0.9038898057781771
SQUID_INK,sma18x29xmom29x0.0035,0.6071428571428571,-0.9038898057781771
SQUID_INK,sma15x31xmom34x0.0025,0.6057142857142858,-0.8585282359405662
SQUID_INK,sma14x31xmom34x0.0025,0.6057142857142858,-0.8585282359405662
SQUID_INK,sma15x33xmom34x0.0025,0.5989583333333334,-0.923207741800119
SQUID_INK,sma14x33xmom33x0.0025,0.5934579439252337,-0.9573550850282592
SQUID_INK,sma18x33xmom33x0.003,0.5879120879120879,-0.974614462349072
SQUID_INK,sma17x33xmom34x0.0025,0.5824742268041238,-0.9749804008102807
SQUID_INK,sma16x33xmom34x0.0025,0.5824742268041238,-0.9749804008102807
SQUID_INK,sma17x31xmom34x0.0025,0.5824742268041238,-0.9749804008102807
SQUID_INK,sma18x29xmom33x0.0025,0.576530612244898,-0.9893246880288549
SQUID_INK,sma17x31xmom33x0.0025,0.5721649484536082,-1.0057019594369279
SQUID_INK,sma18x33xmom34x0.0025,0.5663265306122449,-1.0327165707582997
SQUID_INK,sma18x31xmom33x0.0025,0.5606060606060606,-1.042159088660818
SQUID_INK,sma17x33xmom33x0.0025,0.5606060606060606,-1.042159088660818
SQUID_INK,sma14x29xmom29x0.0035,0.5594059405940595,-1.0680683585624922
SQUID_INK,sma14x27xmom29x0.0035,0.5594059405940595,-1.0680683585624922
SQUID_INK,sma14x33xmom34x0.0025,0.5409090909090909,-1.1902452481466654
SQUID_INK,sma15x29xmom36x0.0045,0.5379310344827586,-0.9262623635036595
SQUID_INK,sma14x35xmom36x0.0045,0.5379310344827586,-0.9262623635036595
SQUID_INK,sma18x29xmom36x0.0045,0.5379310344827586,-0.9262623635036595
SQUID_INK,sma14x27xmom36x0.0045,0.5379310344827586,-0.9262623635036595
SQUID_INK,sma18x31xmom36x0.0045,0.5379310344827586,-0.9262623635036595
SQUID_INK,sma17x31xmom36x0.0045,0.5379310344827586,-0.9262623635036595
SQUID_INK,sma17x29xmom36x0.0045,0.5379310344827586,-0.9262623635036595
SQUID_INK,sma14x31xmom36x0.0045,0.5379310344827586,-0.9262623635036595
SQUID_INK,sma14x33xmom36x0.0045,0.5379310344827586,-0.9262623635036595
SQUID_INK,sma15x31xmom36x0.0045,0.5379310344827586,-0.9262623635036595
SQUID_INK,sma17x33xmom36x0.0045,0.5379310344827586,-0.9262623635036595
SQUID_INK,sma15x33xmom36x0.0045,0.5379310344827586,-0.9262623635036595
SQUID_INK,sma18x27xmom36x0.0045,0.5379310344827586,-0.9262623635036595
SQUID_INK,sma16x29xmom36x0.0045,0.5379310344827586,-0.9262623635036595
SQUID_INK,sma16x31xmom36x0.0045,0.5379310344827586,-0.9262623635036595
SQUID_INK,sma14x29xmom36x0.0045,0.5379310344827586,-0.9262623635036595
SQUID_INK,sma16x27xmom36x0.0045,0.5379310344827586,-0.9262623635036595
SQUID_INK,sma16x33xmom36x0.0045,0.5379310344827586,-0.9262623635036595
SQUID_INK,sma18x33xmom36x0.0045,0.5379310344827586,-0.9262623635036595
SQUID_INK,sma17x27xmom36x0.0045,0.5379310344827586,-0.9262623635036595
SQUID_INK,sma15x27xmom36x0.0045,0.5379310344827586,-0.9262623635036595
SQUID_INK,sma18x33xmom33x0.0025,0.5046296296296297,-1.3016143697677027
